<?xml version="1.0" encoding="UTF-8"?>
<project-private xmlns="http://www.netbeans.org/ns/project-private/1">
    <editor-bookmarks xmlns="http://www.netbeans.org/ns/editor-bookmarks/2" lastBookmarkId="0"/>
    <open-files xmlns="http://www.netbeans.org/ns/projectui-open-files/1">
        <file>file:/C:/Users/User/Documents/NetBeansProjects/session_authentication/web/homepage.jsp</file>
        <file>file:/C:/Users/User/Documents/NetBeansProjects/session_authentication/web/connection.jsp</file>
        <file>file:/C:/Users/User/Documents/NetBeansProjects/session_authentication/web/aboutus.jsp</file>
        <file>file:/C:/Users/User/Documents/NetBeansProjects/session_authentication/web/contactus.jsp</file>
        <file>file:/C:/Users/User/Documents/NetBeansProjects/session_authentication/web/editdetails.jsp</file>
        <file>file:/C:/Users/User/Documents/NetBeansProjects/session_authentication/web/main.jsp</file>
        <file>file:/C:/Users/User/Documents/NetBeansProjects/session_authentication/web/uploaddocuments.jsp</file>
        <file>file:/C:/Users/User/Documents/NetBeansProjects/session_authentication/web/uploadphotos.jsp</file>
        <file>file:/C:/Users/User/Documents/NetBeansProjects/session_authentication/web/viewdocuments.jsp</file>
        <file>file:/C:/Users/User/Documents/NetBeansProjects/session_authentication/web/viewphotos.jsp</file>
        <file>file:/C:/Users/User/Documents/NetBeansProjects/session_authentication/web/login.jsp</file>
        <file>file:/C:/Users/User/Documents/NetBeansProjects/session_authentication/web/login_action.jsp</file>
        <file>file:/C:/Users/User/Documents/NetBeansProjects/session_authentication/web/loginuser.jsp</file>
        <file>file:/C:/Users/User/Documents/NetBeansProjects/session_authentication/web/edit.jsp</file>
    </open-files>
</project-private>
